Device Name,Label
LIM's S23 Ultra,Samsung
SH LIM iPhone,Apple
BS S22 Ultra,Samsung
JY S23 Ultra,Samsung
James iPhone,Apple
Oppo,Oppo
fake me Oppo,Oppo
Mag Oppo,Oppo
JP iPhone,Apple
LIM's S23 Ultra,Samsung
SH LIM iPhone,Apple
BS S22 Ultra,Samsung
JY S23 Ultra,Samsung
James iPhone,Apple
Oppo,Oppo
fake me Oppo,Oppo
Mag Oppo,Oppo
JP iPhone,Apple
LIM's S23 Ultra,Samsung
SH LIM iPhone,Apple
BS S22 Ultra,Samsung
JY S23 Ultra,Samsung
James iPhone,Apple
Oppo,Oppo
fake me Oppo,Oppo
Mag Oppo,Oppo
JP iPhone,Apple
LIM's S23 Ultra,Samsung
SH LIM iPhone,Apple
BS S22 Ultra,Samsung
JY S23 Ultra,Samsung
James iPhone,Apple
Oppo,Oppo
fake me Oppo,Oppo
Mag Oppo,Oppo
JP iPhone,Apple
LIM's S23 Ultra,Samsung
SH LIM iPhone,Apple
BS S22 Ultra,Samsung
JY S23 Ultra,Samsung
James iPhone,Apple
Oppo,Oppo
fake me Oppo,Oppo
Mag Oppo,Oppo
JP iPhone,Apple
LIM's S23 Ultra,Samsung
SH LIM iPhone,Apple
BS S22 Ultra,Samsung
JY S23 Ultra,Samsung
James iPhone,Apple
Oppo,Oppo
fake me Oppo,Oppo
Mag Oppo,Oppo
JP iPhone,Apple
LIM's S23 Ultra,Samsung
SH LIM iPhone,Apple
BS S22 Ultra,Samsung
JY S23 Ultra,Samsung
James iPhone,Apple
Oppo,Oppo
fake me Oppo,Oppo
Mag Oppo,Oppo
JP iPhone,Apple
LIM's S23 Ultra,Samsung
SH LIM iPhone,Apple
BS S22 Ultra,Samsung
JY S23 Ultra,Samsung
James iPhone,Apple
Oppo,Oppo
fake me Oppo,Oppo
Mag Oppo,Oppo
JP iPhone,Apple
LIM's S23 Ultra,Samsung
SH LIM iPhone,Apple
BS S22 Ultra,Samsung
JY S23 Ultra,Samsung
James iPhone,Apple
Oppo,Oppo
fake me Oppo,Oppo
Mag Oppo,Oppo
JP iPhone,Apple
LIM's S23 Ultra,Samsung
SH LIM iPhone,Apple
BS S22 Ultra,Samsung
JY S23 Ultra,Samsung
James iPhone,Apple
Oppo,Oppo
fake me Oppo,Oppo
Mag Oppo,Oppo
JP iPhone,Apple
LIM's S23 Ultra,Samsung
SH LIM iPhone,Apple
BS S22 Ultra,Samsung
JY S23 Ultra,Samsung
James iPhone,Apple
Oppo,Oppo
fake me Oppo,Oppo
Mag Oppo,Oppo
JP iPhone,Apple
LIM's S23 Ultra,Samsung
SH LIM iPhone,Apple
BS S22 Ultra,Samsung
JY S23 Ultra,Samsung
James iPhone,Apple
Oppo,Oppo
fake me Oppo,Oppo
Mag Oppo,Oppo
JP iPhone,Apple
LIM's S23 Ultra,Samsung
SH LIM iPhone,Apple
BS S22 Ultra,Samsung
JY S23 Ultra,Samsung
James iPhone,Apple
Oppo,Oppo
fake me Oppo,Oppo
Mag Oppo,Oppo
JP iPhone,Apple
LIM's S23 Ultra,Samsung
SH LIM iPhone,Apple
BS S22 Ultra,Samsung
JY S23 Ultra,Samsung
James iPhone,Apple
Oppo,Oppo
fake me Oppo,Oppo
Mag Oppo,Oppo
JP iPhone,Apple
LIM's S23 Ultra,Samsung
SH LIM iPhone,Apple
BS S22 Ultra,Samsung
JY S23 Ultra,Samsung
James iPhone,Apple
Oppo,Oppo
fake me Oppo,Oppo
Mag Oppo,Oppo
JP iPhone,Apple
LIM's S23 Ultra,Samsung
SH LIM iPhone,Apple
BS S22 Ultra,Samsung
JY S23 Ultra,Samsung
James iPhone,Apple
Oppo,Oppo
fake me Oppo,Oppo
Mag Oppo,Oppo
JP iPhone,Apple
LIM's S23 Ultra,Samsung
SH LIM iPhone,Apple
BS S22 Ultra,Samsung
JY S23 Ultra,Samsung
James iPhone,Apple
Oppo,Oppo
James iPhone,Apple
